Dataset,small,small,small,small,small,small,small,small,small,small,medium,medium,medium,medium,medium,medium,medium,medium,medium,medium,large,large,large,large,large,large,large,large,large,large,large,large,large,large,large
Graph_ID,1,2,3,4,5,6,7,8,9,10,1,2,3,4,5,6,7,8,9,10,1,2,3,4,5,6,7,8,9,10,11,12,13,14,15
Vertices,4,5,6,4,6,4,5,6,5,6,10,12,13,14,15,13,12,15,11,14,20,25,28,25,30,26,25,30,32,34,35,36,40,42,50
Edges,5,7,8,5,8,6,6,7,6,7,15,18,20,21,24,21,18,23,17,21,36,45,39,45,51,47,41,55,55,63,61,67,71,79,91
Kruskal_Total_Cost,7,10,15,6,17,6,11,16,8,11,23,28,31,36,32,30,27,38,23,36,45,53,74,53,67,54,58,65,73,73,76,77,87,88,106
Prim_Total_Cost,7,10,15,6,17,6,11,16,8,11,23,28,31,36,32,30,27,38,23,36,45,53,74,53,67,54,58,65,73,73,76,77,87,88,106
Kruskal_Time_ms,0.004061,0.001858,0.001727,0.001085,0.002312,0.000905,0.002966,0.001697,0.001183,0.001579,0.003009,0.002518,0.003349,0.003352,0.003383,0.003455,0.003348,0.003517,0.002525,0.003327,0.004739,0.010776,0.007987,0.007301,0.007726,0.006457,0.006325,0.007567,0.008385,0.009058,0.009502,0.010675,0.010594,0.006245,0.006673
Prim_Time_ms,0.003854,0.003110,0.002930,0.002162,0.002801,0.001701,0.002178,0.002779,0.002028,0.002552,0.004929,0.006575,0.007174,0.007557,0.007783,0.007078,0.005704,0.007660,0.005600,0.006163,0.005318,0.010093,0.004966,0.003920,0.004263,0.003852,0.003398,0.004793,0.004569,0.005129,0.004934,0.005563,0.005561,0.010513,0.008333
Costs_Equal,true,true,true,true,true,true,true,true,true,true,true,true,true,true,true,true,true,true,true,true,true,true,true,true,true,true,true,true,true,true,true,true,true,true,true
